Country,City,Job Name,Salary
Afghanistan,Kabul,Javascript Developer,158003
Akrotiri and Dhekelia,Episkopi Cantonment,Python Developer,194640
Albania,Tirana,Data Scientist,187506
Algeria,Algiers,Javascript Developer,165451
﻿Country,City,Job Name,Salary
Afghanistan,Kabul,Javascript Developer,158003
Akrotiri and Dhekelia,Episkopi Cantonment,Python Developer,194640
Albania,Tirana,Data Scientist,187506
Algeria,Algiers,Javascript Developer,165451
﻿Country,City,Job Name,Salary
Afghanistan,Kabul,Javascript Developer,158003
Akrotiri and Dhekelia,Episkopi Cantonment,Python Developer,194640
Albania,Tirana,Data Scientist,187506
Algeria,Algiers,Javascript Developer,165451
﻿Country,City,Job Name,Salary
Afghanistan,Kabul,Javascript Developer,158003
Akrotiri and Dhekelia,Episkopi Cantonment,Python Developer,194640
Albania,Tirana,Data Scientist,187506
Algeria,Algiers,Javascript Developer,165451
﻿Country,City,Job Name,Salary
Afghanistan,Kabul,Javascript Developer,158003
Akrotiri and Dhekelia,Episkopi Cantonment,Python Developer,194640
Albania,Tirana,Data Scientist,187506
Algeria,Algiers,Javascript Developer,165451
﻿Country,City,Job Name,Salary
Afghanistan,Kabul,Javascript Developer,158003
Akrotiri and Dhekelia,Episkopi Cantonment,Python Developer,194640
Albania,Tirana,Data Scientist,187506
Algeria,Algiers,Javascript Developer,165451
American Samoa,Pago Pago,Python Developer,175138
Andorra,Andorra la Vella,Data Scientist,197452
Angola,Luanda,Javascript Developer,144335
Anguilla,The Valley,Python Developer,121100
Antigua and Barbuda,St. John's,Data Scientist,108816
American Samoa,Pago Pago,Python Developer,175138
Andorra,Andorra la Vella,Data Scientist,197452
Angola,Luanda,Javascript Developer,144335
Anguilla,The Valley,Python Developer,121100
Antigua and Barbuda,St. John's,Data Scientist,108816
American Samoa,Pago Pago,Python Developer,175138
Andorra,Andorra la Vella,Data Scientist,197452
Angola,Luanda,Javascript Developer,144335
Anguilla,The Valley,Python Developer,121100
Antigua and Barbuda,St. John's,Data Scientist,108816
American Samoa,Pago Pago,Python Developer,175138
Andorra,Andorra la Vella,Data Scientist,197452
Angola,Luanda,Javascript Developer,144335
Anguilla,The Valley,Python Developer,121100
Antigua and Barbuda,St. John's,Data Scientist,108816
Botswana,Gaborone,Data Scientist,106058
Brazil,Brasília,Javascript Developer,108746
British Virgin Islands,Road Town,Python Developer,131279
Brunei,Bandar Seri Begawan,Data Scientist,109658
Bulgaria,Sofia,Javascript Developer,141288
Botswana,Gaborone,Data Scientist,106058
Brazil,Brasília,Javascript Developer,108746
British Virgin Islands,Road Town,Python Developer,131279
Brunei,Bandar Seri Begawan,Data Scientist,109658
Bulgaria,Sofia,Javascript Developer,141288
Botswana,Gaborone,Data Scientist,106058
Brazil,Brasília,Javascript Developer,108746
British Virgin Islands,Road Town,Python Developer,131279
Brunei,Bandar Seri Begawan,Data Scientist,109658
Bulgaria,Sofia,Javascript Developer,141288
Botswana,Gaborone,Data Scientist,106058
Brazil,Brasília,Javascript Developer,108746
British Virgin Islands,Road Town,Python Developer,131279
Brunei,Bandar Seri Begawan,Data Scientist,109658
Bulgaria,Sofia,Javascript Developer,141288
Burkina Faso,Ouagadougou,Python Developer,108697
Burundi,Bujumbura,Data Scientist,134521
Cambodia,Phnom Penh,Javascript Developer,144723
Cameroon,Yaoundé,Python Developer,108511
Canada,Ottawa,Data Scientist,193222
Burkina Faso,Ouagadougou,Python Developer,108697
Burundi,Bujumbura,Data Scientist,134521
Cambodia,Phnom Penh,Javascript Developer,144723
Cameroon,Yaoundé,Python Developer,108511
Canada,Ottawa,Data Scientist,193222
Burkina Faso,Ouagadougou,Python Developer,108697
Burundi,Bujumbura,Data Scientist,134521
Cambodia,Phnom Penh,Javascript Developer,144723
Cameroon,Yaoundé,Python Developer,108511
Canada,Ottawa,Data Scientist,193222
Burkina Faso,Ouagadougou,Python Developer,108697
Burundi,Bujumbura,Data Scientist,134521
Cambodia,Phnom Penh,Javascript Developer,144723
Cameroon,Yaoundé,Python Developer,108511
Canada,Ottawa,Data Scientist,193222
Cape Verde,Praia,Javascript Developer,103541
Cayman Islands,George Town,Python Developer,108448
Central African Republic,Bangui,Data Scientist,197985
Chad,N'Djamena,Javascript Developer,119576
Chile,Santiago,Python Developer,144957
Cape Verde,Praia,Javascript Developer,103541
Cayman Islands,George Town,Python Developer,108448
Central African Republic,Bangui,Data Scientist,197985
Chad,N'Djamena,Javascript Developer,119576
Chile,Santiago,Python Developer,144957
Cape Verde,Praia,Javascript Developer,103541
Cayman Islands,George Town,Python Developer,108448
Central African Republic,Bangui,Data Scientist,197985
Chad,N'Djamena,Javascript Developer,119576
Chile,Santiago,Python Developer,144957
Cape Verde,Praia,Javascript Developer,103541
Cayman Islands,George Town,Python Developer,108448
Central African Republic,Bangui,Data Scientist,197985
Chad,N'Djamena,Javascript Developer,119576
Chile,Santiago,Python Developer,144957
Cape Verde,Praia,Javascript Developer,103541
Cayman Islands,George Town,Python Developer,108448
Central African Republic,Bangui,Data Scientist,197985
Chad,N'Djamena,Javascript Developer,119576
Chile,Santiago,Python Developer,144957
Cape Verde,Praia,Javascript Developer,103541
Cayman Islands,George Town,Python Developer,108448
Central African Republic,Bangui,Data Scientist,197985
Chad,N'Djamena,Javascript Developer,119576
Chile,Santiago,Python Developer,144957
Cape Verde,Praia,Javascript Developer,103541
Cayman Islands,George Town,Python Developer,108448
Central African Republic,Bangui,Data Scientist,197985
Chad,N'Djamena,Javascript Developer,119576
Chile,Santiago,Python Developer,144957
Cape Verde,Praia,Javascript Developer,103541
Cayman Islands,George Town,Python Developer,108448
Central African Republic,Bangui,Data Scientist,197985
Chad,N'Djamena,Javascript Developer,119576
Chile,Santiago,Python Developer,144957
Cape Verde,Praia,Javascript Developer,103541
Cayman Islands,George Town,Python Developer,108448
Central African Republic,Bangui,Data Scientist,197985
Chad,N'Djamena,Javascript Developer,119576
Chile,Santiago,Python Developer,144957
Cape Verde,Praia,Javascript Developer,103541
Cayman Islands,George Town,Python Developer,108448
Central African Republic,Bangui,Data Scientist,197985
Chad,N'Djamena,Javascript Developer,119576
Chile,Santiago,Python Developer,144957
Cape Verde,Praia,Javascript Developer,103541
Cayman Islands,George Town,Python Developer,108448
Central African Republic,Bangui,Data Scientist,197985
Chad,N'Djamena,Javascript Developer,119576
Chile,Santiago,Python Developer,144957
Cape Verde,Praia,Javascript Developer,103541
Cayman Islands,George Town,Python Developer,108448
Central African Republic,Bangui,Data Scientist,197985
Chad,N'Djamena,Javascript Developer,119576
Chile,Santiago,Python Developer,144957
Cape Verde,Praia,Javascript Developer,103541
Cayman Islands,George Town,Python Developer,108448
Central African Republic,Bangui,Data Scientist,197985
Chad,N'Djamena,Javascript Developer,119576
Chile,Santiago,Python Developer,144957
Cape Verde,Praia,Javascript Developer,103541
Cayman Islands,George Town,Python Developer,108448
Central African Republic,Bangui,Data Scientist,197985
Chad,N'Djamena,Javascript Developer,119576
Chile,Santiago,Python Developer,144957
Cape Verde,Praia,Javascript Developer,103541
Cayman Islands,George Town,Python Developer,108448
Central African Republic,Bangui,Data Scientist,197985
Chad,N'Djamena,Javascript Developer,119576
Chile,Santiago,Python Developer,144957
Cape Verde,Praia,Javascript Developer,103541
Cayman Islands,George Town,Python Developer,108448
Central African Republic,Bangui,Data Scientist,197985
Chad,N'Djamena,Javascript Developer,119576
Chile,Santiago,Python Developer,144957
China,Beijing,Data Scientist,110494
Christmas Island,Flying Fish Cove,Javascript Developer,182770
Cocos (Keeling) Islands,West Island,Python Developer,146953
Colombia,Bogotá,Data Scientist,110718
Comoros,Moroni,Javascript Developer,170534
China,Beijing,Data Scientist,110494
Christmas Island,Flying Fish Cove,Javascript Developer,182770
Cocos (Keeling) Islands,West Island,Python Developer,146953
Colombia,Bogotá,Data Scientist,110718
Comoros,Moroni,Javascript Developer,170534
China,Beijing,Data Scientist,110494
Christmas Island,Flying Fish Cove,Javascript Developer,182770
Cocos (Keeling) Islands,West Island,Python Developer,146953
Colombia,Bogotá,Data Scientist,110718
Comoros,Moroni,Javascript Developer,170534
China,Beijing,Data Scientist,110494
Christmas Island,Flying Fish Cove,Javascript Developer,182770
Cocos (Keeling) Islands,West Island,Python Developer,146953
Colombia,Bogotá,Data Scientist,110718
Comoros,Moroni,Javascript Developer,170534
Estonia,Tallinn,Javascript Developer,118286
Ethiopia,Addis Ababa,Python Developer,129221
Falkland Islands,Stanley,Data Scientist,154444
Faroe Islands,Tórshavn,Javascript Developer,172012
Federated States of Micronesia,Palikir,Python Developer,162078
Estonia,Tallinn,Javascript Developer,118286
Ethiopia,Addis Ababa,Python Developer,129221
Falkland Islands,Stanley,Data Scientist,154444
Faroe Islands,Tórshavn,Javascript Developer,172012
Federated States of Micronesia,Palikir,Python Developer,162078
Estonia,Tallinn,Javascript Developer,118286
Ethiopia,Addis Ababa,Python Developer,129221
Falkland Islands,Stanley,Data Scientist,154444
Faroe Islands,Tórshavn,Javascript Developer,172012
Federated States of Micronesia,Palikir,Python Developer,162078
Estonia,Tallinn,Javascript Developer,118286
Ethiopia,Addis Ababa,Python Developer,129221
Falkland Islands,Stanley,Data Scientist,154444
Faroe Islands,Tórshavn,Javascript Developer,172012
Federated States of Micronesia,Palikir,Python Developer,162078
Estonia,Tallinn,Javascript Developer,118286
Ethiopia,Addis Ababa,Python Developer,129221
Falkland Islands,Stanley,Data Scientist,154444
Faroe Islands,Tórshavn,Javascript Developer,172012
Federated States of Micronesia,Palikir,Python Developer,162078
Estonia,Tallinn,Javascript Developer,118286
Ethiopia,Addis Ababa,Python Developer,129221
Falkland Islands,Stanley,Data Scientist,154444
Faroe Islands,Tórshavn,Javascript Developer,172012
Federated States of Micronesia,Palikir,Python Developer,162078
Fiji,Suva,Data Scientist,139146
Finland,Helsinki,Javascript Developer,151630
France,Paris,Python Developer,196594
French Guiana,Cayenne,Data Scientist,149203
French Polynesia,Papeete,Javascript Developer,157425
Fiji,Suva,Data Scientist,139146
Finland,Helsinki,Javascript Developer,151630
France,Paris,Python Developer,196594
French Guiana,Cayenne,Data Scientist,149203
French Polynesia,Papeete,Javascript Developer,157425
Fiji,Suva,Data Scientist,139146
Finland,Helsinki,Javascript Developer,151630
France,Paris,Python Developer,196594
French Guiana,Cayenne,Data Scientist,149203
French Polynesia,Papeete,Javascript Developer,157425
Fiji,Suva,Data Scientist,139146
Finland,Helsinki,Javascript Developer,151630
France,Paris,Python Developer,196594
French Guiana,Cayenne,Data Scientist,149203
French Polynesia,Papeete,Javascript Developer,157425
Fiji,Suva,Data Scientist,139146
Finland,Helsinki,Javascript Developer,151630
France,Paris,Python Developer,196594
French Guiana,Cayenne,Data Scientist,149203
French Polynesia,Papeete,Javascript Developer,157425
Fiji,Suva,Data Scientist,139146
Finland,Helsinki,Javascript Developer,151630
France,Paris,Python Developer,196594
French Guiana,Cayenne,Data Scientist,149203
French Polynesia,Papeete,Javascript Developer,157425
Fiji,Suva,Data Scientist,139146
Finland,Helsinki,Javascript Developer,151630
France,Paris,Python Developer,196594
French Guiana,Cayenne,Data Scientist,149203
French Polynesia,Papeete,Javascript Developer,157425
Fiji,Suva,Data Scientist,139146
Finland,Helsinki,Javascript Developer,151630
France,Paris,Python Developer,196594
French Guiana,Cayenne,Data Scientist,149203
French Polynesia,Papeete,Javascript Developer,157425
Fiji,Suva,Data Scientist,139146
Finland,Helsinki,Javascript Developer,151630
France,Paris,Python Developer,196594
French Guiana,Cayenne,Data Scientist,149203
French Polynesia,Papeete,Javascript Developer,157425
Fiji,Suva,Data Scientist,139146
Finland,Helsinki,Javascript Developer,151630
France,Paris,Python Developer,196594
French Guiana,Cayenne,Data Scientist,149203
French Polynesia,Papeete,Javascript Developer,157425
Fiji,Suva,Data Scientist,139146
Finland,Helsinki,Javascript Developer,151630
France,Paris,Python Developer,196594
French Guiana,Cayenne,Data Scientist,149203
French Polynesia,Papeete,Javascript Developer,157425
Fiji,Suva,Data Scientist,139146
Finland,Helsinki,Javascript Developer,151630
France,Paris,Python Developer,196594
French Guiana,Cayenne,Data Scientist,149203
French Polynesia,Papeete,Javascript Developer,157425
Fiji,Suva,Data Scientist,139146
Finland,Helsinki,Javascript Developer,151630
France,Paris,Python Developer,196594
French Guiana,Cayenne,Data Scientist,149203
French Polynesia,Papeete,Javascript Developer,157425
Fiji,Suva,Data Scientist,139146
Finland,Helsinki,Javascript Developer,151630
France,Paris,Python Developer,196594
French Guiana,Cayenne,Data Scientist,149203
French Polynesia,Papeete,Javascript Developer,157425
Fiji,Suva,Data Scientist,139146
Finland,Helsinki,Javascript Developer,151630
France,Paris,Python Developer,196594
French Guiana,Cayenne,Data Scientist,149203
French Polynesia,Papeete,Javascript Developer,157425
Fiji,Suva,Data Scientist,139146
Finland,Helsinki,Javascript Developer,151630
France,Paris,Python Developer,196594
French Guiana,Cayenne,Data Scientist,149203
French Polynesia,Papeete,Javascript Developer,157425
Gabon,Libreville,Python Developer,110046
Gambia,Banjul,Data Scientist,198984
Georgia,Tbilisi,Javascript Developer,154099
Germany,Berlin,Python Developer,151540
Ghana,Accra,Data Scientist,165130
Gabon,Libreville,Python Developer,110046
Gambia,Banjul,Data Scientist,198984
Georgia,Tbilisi,Javascript Developer,154099
Germany,Berlin,Python Developer,151540
Ghana,Accra,Data Scientist,165130
Gabon,Libreville,Python Developer,110046
Gambia,Banjul,Data Scientist,198984
Georgia,Tbilisi,Javascript Developer,154099
Germany,Berlin,Python Developer,151540
Ghana,Accra,Data Scientist,165130
Gabon,Libreville,Python Developer,110046
Gambia,Banjul,Data Scientist,198984
Georgia,Tbilisi,Javascript Developer,154099
Germany,Berlin,Python Developer,151540
Ghana,Accra,Data Scientist,165130
Gabon,Libreville,Python Developer,110046
Gambia,Banjul,Data Scientist,198984
Georgia,Tbilisi,Javascript Developer,154099
Germany,Berlin,Python Developer,151540
Ghana,Accra,Data Scientist,165130
Gabon,Libreville,Python Developer,110046
Gambia,Banjul,Data Scientist,198984
Georgia,Tbilisi,Javascript Developer,154099
Germany,Berlin,Python Developer,151540
Ghana,Accra,Data Scientist,165130
Gabon,Libreville,Python Developer,110046
Gambia,Banjul,Data Scientist,198984
Georgia,Tbilisi,Javascript Developer,154099
Germany,Berlin,Python Developer,151540
Ghana,Accra,Data Scientist,165130
Gabon,Libreville,Python Developer,110046
Gambia,Banjul,Data Scientist,198984
Georgia,Tbilisi,Javascript Developer,154099
Germany,Berlin,Python Developer,151540
Ghana,Accra,Data Scientist,165130
Gabon,Libreville,Python Developer,110046
Gambia,Banjul,Data Scientist,198984
Georgia,Tbilisi,Javascript Developer,154099
Germany,Berlin,Python Developer,151540
Ghana,Accra,Data Scientist,165130
Gabon,Libreville,Python Developer,110046
Gambia,Banjul,Data Scientist,198984
Georgia,Tbilisi,Javascript Developer,154099
Germany,Berlin,Python Developer,151540
Ghana,Accra,Data Scientist,165130
Solomon Islands,Honiara,Python Developer,122971
Somalia,Mogadishu,Data Scientist,195194
Somaliland,Hargeisa,Javascript Developer,130993
South Africa,Pretoria,Python Developer,183428
South Georgia and the South Sandwich Islands,Grytviken,Data Scientist,110361
Solomon Islands,Honiara,Python Developer,122971
Somalia,Mogadishu,Data Scientist,195194
Somaliland,Hargeisa,Javascript Developer,130993
South Africa,Pretoria,Python Developer,183428
South Georgia and the South Sandwich Islands,Grytviken,Data Scientist,110361
Solomon Islands,Honiara,Python Developer,122971
Somalia,Mogadishu,Data Scientist,195194
Somaliland,Hargeisa,Javascript Developer,130993
South Africa,Pretoria,Python Developer,183428
South Georgia and the South Sandwich Islands,Grytviken,Data Scientist,110361
Solomon Islands,Honiara,Python Developer,122971
Somalia,Mogadishu,Data Scientist,195194
Somaliland,Hargeisa,Javascript Developer,130993
South Africa,Pretoria,Python Developer,183428
South Georgia and the South Sandwich Islands,Grytviken,Data Scientist,110361
Solomon Islands,Honiara,Python Developer,122971
Somalia,Mogadishu,Data Scientist,195194
Somaliland,Hargeisa,Javascript Developer,130993
South Africa,Pretoria,Python Developer,183428
South Georgia and the South Sandwich Islands,Grytviken,Data Scientist,110361
Solomon Islands,Honiara,Python Developer,122971
Somalia,Mogadishu,Data Scientist,195194
Somaliland,Hargeisa,Javascript Developer,130993
South Africa,Pretoria,Python Developer,183428
South Georgia and the South Sandwich Islands,Grytviken,Data Scientist,110361
South Korea,Seoul,Javascript Developer,169193
South Ossetia,Tskhinvali,Python Developer,148216
South Sudan South Sudan,Juba,Data Scientist,126054
Spain,Madrid,Javascript Developer,126549
Sri Lanka,Sri Jayawardenapura Kotte,Python Developer,192261
South Korea,Seoul,Javascript Developer,169193
South Ossetia,Tskhinvali,Python Developer,148216
South Sudan South Sudan,Juba,Data Scientist,126054
Spain,Madrid,Javascript Developer,126549
Sri Lanka,Sri Jayawardenapura Kotte,Python Developer,192261
South Korea,Seoul,Javascript Developer,169193
South Ossetia,Tskhinvali,Python Developer,148216
South Sudan South Sudan,Juba,Data Scientist,126054
Spain,Madrid,Javascript Developer,126549
Sri Lanka,Sri Jayawardenapura Kotte,Python Developer,192261
South Korea,Seoul,Javascript Developer,169193
South Ossetia,Tskhinvali,Python Developer,148216
South Sudan South Sudan,Juba,Data Scientist,126054
Spain,Madrid,Javascript Developer,126549
Sri Lanka,Sri Jayawardenapura Kotte,Python Developer,192261
South Korea,Seoul,Javascript Developer,169193
South Ossetia,Tskhinvali,Python Developer,148216
South Sudan South Sudan,Juba,Data Scientist,126054
Spain,Madrid,Javascript Developer,126549
Sri Lanka,Sri Jayawardenapura Kotte,Python Developer,192261
South Korea,Seoul,Javascript Developer,169193
South Ossetia,Tskhinvali,Python Developer,148216
South Sudan South Sudan,Juba,Data Scientist,126054
Spain,Madrid,Javascript Developer,126549
Sri Lanka,Sri Jayawardenapura Kotte,Python Developer,192261
South Korea,Seoul,Javascript Developer,169193
South Ossetia,Tskhinvali,Python Developer,148216
South Sudan South Sudan,Juba,Data Scientist,126054
Spain,Madrid,Javascript Developer,126549
Sri Lanka,Sri Jayawardenapura Kotte,Python Developer,192261
South Korea,Seoul,Javascript Developer,169193
South Ossetia,Tskhinvali,Python Developer,148216
South Sudan South Sudan,Juba,Data Scientist,126054
Spain,Madrid,Javascript Developer,126549
Sri Lanka,Sri Jayawardenapura Kotte,Python Developer,192261
South Korea,Seoul,Javascript Developer,169193
South Ossetia,Tskhinvali,Python Developer,148216
South Sudan South Sudan,Juba,Data Scientist,126054
Spain,Madrid,Javascript Developer,126549
Sri Lanka,Sri Jayawardenapura Kotte,Python Developer,192261
South Korea,Seoul,Javascript Developer,169193
South Ossetia,Tskhinvali,Python Developer,148216
South Sudan South Sudan,Juba,Data Scientist,126054
Spain,Madrid,Javascript Developer,126549
Sri Lanka,Sri Jayawardenapura Kotte,Python Developer,192261
South Korea,Seoul,Javascript Developer,169193
South Ossetia,Tskhinvali,Python Developer,148216
South Sudan South Sudan,Juba,Data Scientist,126054
Spain,Madrid,Javascript Developer,126549
Sri Lanka,Sri Jayawardenapura Kotte,Python Developer,192261
South Korea,Seoul,Javascript Developer,169193
South Ossetia,Tskhinvali,Python Developer,148216
South Sudan South Sudan,Juba,Data Scientist,126054
Spain,Madrid,Javascript Developer,126549
Sri Lanka,Sri Jayawardenapura Kotte,Python Developer,192261
South Korea,Seoul,Javascript Developer,169193
South Ossetia,Tskhinvali,Python Developer,148216
South Sudan South Sudan,Juba,Data Scientist,126054
Spain,Madrid,Javascript Developer,126549
Sri Lanka,Sri Jayawardenapura Kotte,Python Developer,192261
South Korea,Seoul,Javascript Developer,169193
South Ossetia,Tskhinvali,Python Developer,148216
South Sudan South Sudan,Juba,Data Scientist,126054
Spain,Madrid,Javascript Developer,126549
Sri Lanka,Sri Jayawardenapura Kotte,Python Developer,192261
South Korea,Seoul,Javascript Developer,169193
South Ossetia,Tskhinvali,Python Developer,148216
South Sudan South Sudan,Juba,Data Scientist,126054
Spain,Madrid,Javascript Developer,126549
Sri Lanka,Sri Jayawardenapura Kotte,Python Developer,192261
South Korea,Seoul,Javascript Developer,169193
South Ossetia,Tskhinvali,Python Developer,148216
South Sudan South Sudan,Juba,Data Scientist,126054
Spain,Madrid,Javascript Developer,126549
Sri Lanka,Sri Jayawardenapura Kotte,Python Developer,192261
Sudan,Khartoum,Data Scientist,140325
Suriname,Paramaribo,Javascript Developer,196085
Swaziland,Mbabane,Python Developer,105075
Sweden,Stockholm,Data Scientist,135941
Switzerland,Bern,Javascript Developer,168916
Sudan,Khartoum,Data Scientist,140325
Suriname,Paramaribo,Javascript Developer,196085
Swaziland,Mbabane,Python Developer,105075
Sweden,Stockholm,Data Scientist,135941
Switzerland,Bern,Javascript Developer,168916
Sudan,Khartoum,Data Scientist,140325
Suriname,Paramaribo,Javascript Developer,196085
Swaziland,Mbabane,Python Developer,105075
Sweden,Stockholm,Data Scientist,135941
Switzerland,Bern,Javascript Developer,168916
Sudan,Khartoum,Data Scientist,140325
Suriname,Paramaribo,Javascript Developer,196085
Swaziland,Mbabane,Python Developer,105075
Sweden,Stockholm,Data Scientist,135941
Switzerland,Bern,Javascript Developer,168916
Sudan,Khartoum,Data Scientist,140325
Suriname,Paramaribo,Javascript Developer,196085
Swaziland,Mbabane,Python Developer,105075
Sweden,Stockholm,Data Scientist,135941
Switzerland,Bern,Javascript Developer,168916
Sudan,Khartoum,Data Scientist,140325
Suriname,Paramaribo,Javascript Developer,196085
Swaziland,Mbabane,Python Developer,105075
Sweden,Stockholm,Data Scientist,135941
Switzerland,Bern,Javascript Developer,168916
Sudan,Khartoum,Data Scientist,140325
Suriname,Paramaribo,Javascript Developer,196085
Swaziland,Mbabane,Python Developer,105075
Sweden,Stockholm,Data Scientist,135941
Switzerland,Bern,Javascript Developer,168916
Sudan,Khartoum,Data Scientist,140325
Suriname,Paramaribo,Javascript Developer,196085
Swaziland,Mbabane,Python Developer,105075
Sweden,Stockholm,Data Scientist,135941
Switzerland,Bern,Javascript Developer,168916
Sudan,Khartoum,Data Scientist,140325
Suriname,Paramaribo,Javascript Developer,196085
Swaziland,Mbabane,Python Developer,105075
Sweden,Stockholm,Data Scientist,135941
Switzerland,Bern,Javascript Developer,168916
Sudan,Khartoum,Data Scientist,140325
Suriname,Paramaribo,Javascript Developer,196085
Swaziland,Mbabane,Python Developer,105075
Sweden,Stockholm,Data Scientist,135941
Switzerland,Bern,Javascript Developer,168916
Sudan,Khartoum,Data Scientist,140325
Suriname,Paramaribo,Javascript Developer,196085
Swaziland,Mbabane,Python Developer,105075
Sweden,Stockholm,Data Scientist,135941
Switzerland,Bern,Javascript Developer,168916
Sudan,Khartoum,Data Scientist,140325
Suriname,Paramaribo,Javascript Developer,196085
Swaziland,Mbabane,Python Developer,105075
Sweden,Stockholm,Data Scientist,135941
Switzerland,Bern,Javascript Developer,168916
Sudan,Khartoum,Data Scientist,140325
Suriname,Paramaribo,Javascript Developer,196085
Swaziland,Mbabane,Python Developer,105075
Sweden,Stockholm,Data Scientist,135941
Switzerland,Bern,Javascript Developer,168916
Sudan,Khartoum,Data Scientist,140325
Suriname,Paramaribo,Javascript Developer,196085
Swaziland,Mbabane,Python Developer,105075
Sweden,Stockholm,Data Scientist,135941
Switzerland,Bern,Javascript Developer,168916
Sudan,Khartoum,Data Scientist,140325
Suriname,Paramaribo,Javascript Developer,196085
Swaziland,Mbabane,Python Developer,105075
Sweden,Stockholm,Data Scientist,135941
Switzerland,Bern,Javascript Developer,168916
Sudan,Khartoum,Data Scientist,140325
Suriname,Paramaribo,Javascript Developer,196085
Swaziland,Mbabane,Python Developer,105075
Sweden,Stockholm,Data Scientist,135941
Switzerland,Bern,Javascript Developer,168916
Syria,Damascus,Python Developer,162320
São Tomé and Príncipe,São Tomé,Data Scientist,165090
Tajikistan,Dushanbe,Javascript Developer,199770
Tanzania,Dodoma,Python Developer,167604
Thailand,Bangkok,Data Scientist,161752
Syria,Damascus,Python Developer,162320
São Tomé and Príncipe,São Tomé,Data Scientist,165090
Tajikistan,Dushanbe,Javascript Developer,199770
Tanzania,Dodoma,Python Developer,167604
Thailand,Bangkok,Data Scientist,161752
Syria,Damascus,Python Developer,162320
São Tomé and Príncipe,São Tomé,Data Scientist,165090
Tajikistan,Dushanbe,Javascript Developer,199770
Tanzania,Dodoma,Python Developer,167604
Thailand,Bangkok,Data Scientist,161752
Syria,Damascus,Python Developer,162320
São Tomé and Príncipe,São Tomé,Data Scientist,165090
Tajikistan,Dushanbe,Javascript Developer,199770
Tanzania,Dodoma,Python Developer,167604
Thailand,Bangkok,Data Scientist,161752
Syria,Damascus,Python Developer,162320
São Tomé and Príncipe,São Tomé,Data Scientist,165090
Tajikistan,Dushanbe,Javascript Developer,199770
Tanzania,Dodoma,Python Developer,167604
Thailand,Bangkok,Data Scientist,161752
Syria,Damascus,Python Developer,162320
São Tomé and Príncipe,São Tomé,Data Scientist,165090
Tajikistan,Dushanbe,Javascript Developer,199770
Tanzania,Dodoma,Python Developer,167604
Thailand,Bangkok,Data Scientist,161752
Syria,Damascus,Python Developer,162320
São Tomé and Príncipe,São Tomé,Data Scientist,165090
Tajikistan,Dushanbe,Javascript Developer,199770
Tanzania,Dodoma,Python Developer,167604
Thailand,Bangkok,Data Scientist,161752
Syria,Damascus,Python Developer,162320
São Tomé and Príncipe,São Tomé,Data Scientist,165090
Tajikistan,Dushanbe,Javascript Developer,199770
Tanzania,Dodoma,Python Developer,167604
Thailand,Bangkok,Data Scientist,161752
Syria,Damascus,Python Developer,162320
São Tomé and Príncipe,São Tomé,Data Scientist,165090
Tajikistan,Dushanbe,Javascript Developer,199770
Tanzania,Dodoma,Python Developer,167604
Thailand,Bangkok,Data Scientist,161752
Syria,Damascus,Python Developer,162320
São Tomé and Príncipe,São Tomé,Data Scientist,165090
Tajikistan,Dushanbe,Javascript Developer,199770
Tanzania,Dodoma,Python Developer,167604
Thailand,Bangkok,Data Scientist,161752
Syria,Damascus,Python Developer,162320
São Tomé and Príncipe,São Tomé,Data Scientist,165090
Tajikistan,Dushanbe,Javascript Developer,199770
Tanzania,Dodoma,Python Developer,167604
Thailand,Bangkok,Data Scientist,161752
Syria,Damascus,Python Developer,162320
São Tomé and Príncipe,São Tomé,Data Scientist,165090
Tajikistan,Dushanbe,Javascript Developer,199770
Tanzania,Dodoma,Python Developer,167604
Thailand,Bangkok,Data Scientist,161752
Syria,Damascus,Python Developer,162320
São Tomé and Príncipe,São Tomé,Data Scientist,165090
Tajikistan,Dushanbe,Javascript Developer,199770
Tanzania,Dodoma,Python Developer,167604
Thailand,Bangkok,Data Scientist,161752
Syria,Damascus,Python Developer,162320
São Tomé and Príncipe,São Tomé,Data Scientist,165090
Tajikistan,Dushanbe,Javascript Developer,199770
Tanzania,Dodoma,Python Developer,167604
Thailand,Bangkok,Data Scientist,161752
Syria,Damascus,Python Developer,162320
São Tomé and Príncipe,São Tomé,Data Scientist,165090
Tajikistan,Dushanbe,Javascript Developer,199770
Tanzania,Dodoma,Python Developer,167604
Thailand,Bangkok,Data Scientist,161752
Syria,Damascus,Python Developer,162320
São Tomé and Príncipe,São Tomé,Data Scientist,165090
Tajikistan,Dushanbe,Javascript Developer,199770
Tanzania,Dodoma,Python Developer,167604
Thailand,Bangkok,Data Scientist,161752
Togo,Lomé,Javascript Developer,116267
Tonga,Nukuʻalofa,Python Developer,153077
Transnistria,Tiraspol,Data Scientist,158240
Trinidad and Tobago,Port of Spain,Javascript Developer,169605
Tristan da Cunha,Edinburgh of the Seven Seas,Python Developer,184674
Togo,Lomé,Javascript Developer,116267
Tonga,Nukuʻalofa,Python Developer,153077
Transnistria,Tiraspol,Data Scientist,158240
Trinidad and Tobago,Port of Spain,Javascript Developer,169605
Tristan da Cunha,Edinburgh of the Seven Seas,Python Developer,184674
Togo,Lomé,Javascript Developer,116267
Tonga,Nukuʻalofa,Python Developer,153077
Transnistria,Tiraspol,Data Scientist,158240
Trinidad and Tobago,Port of Spain,Javascript Developer,169605
Tristan da Cunha,Edinburgh of the Seven Seas,Python Developer,184674
Togo,Lomé,Javascript Developer,116267
Tonga,Nukuʻalofa,Python Developer,153077
Transnistria,Tiraspol,Data Scientist,158240
Trinidad and Tobago,Port of Spain,Javascript Developer,169605
Tristan da Cunha,Edinburgh of the Seven Seas,Python Developer,184674
Togo,Lomé,Javascript Developer,116267
Tonga,Nukuʻalofa,Python Developer,153077
Transnistria,Tiraspol,Data Scientist,158240
Trinidad and Tobago,Port of Spain,Javascript Developer,169605
Tristan da Cunha,Edinburgh of the Seven Seas,Python Developer,184674
Togo,Lomé,Javascript Developer,116267
Tonga,Nukuʻalofa,Python Developer,153077
Transnistria,Tiraspol,Data Scientist,158240
Trinidad and Tobago,Port of Spain,Javascript Developer,169605
Tristan da Cunha,Edinburgh of the Seven Seas,Python Developer,184674
Togo,Lomé,Javascript Developer,116267
Tonga,Nukuʻalofa,Python Developer,153077
Transnistria,Tiraspol,Data Scientist,158240
Trinidad and Tobago,Port of Spain,Javascript Developer,169605
Tristan da Cunha,Edinburgh of the Seven Seas,Python Developer,184674
Togo,Lomé,Javascript Developer,116267
Tonga,Nukuʻalofa,Python Developer,153077
Transnistria,Tiraspol,Data Scientist,158240
Trinidad and Tobago,Port of Spain,Javascript Developer,169605
Tristan da Cunha,Edinburgh of the Seven Seas,Python Developer,184674
Togo,Lomé,Javascript Developer,116267
Tonga,Nukuʻalofa,Python Developer,153077
Transnistria,Tiraspol,Data Scientist,158240
Trinidad and Tobago,Port of Spain,Javascript Developer,169605
Tristan da Cunha,Edinburgh of the Seven Seas,Python Developer,184674
Togo,Lomé,Javascript Developer,116267
Tonga,Nukuʻalofa,Python Developer,153077
Transnistria,Tiraspol,Data Scientist,158240
Trinidad and Tobago,Port of Spain,Javascript Developer,169605
Tristan da Cunha,Edinburgh of the Seven Seas,Python Developer,184674
Togo,Lomé,Javascript Developer,116267
Tonga,Nukuʻalofa,Python Developer,153077
Transnistria,Tiraspol,Data Scientist,158240
Trinidad and Tobago,Port of Spain,Javascript Developer,169605
Tristan da Cunha,Edinburgh of the Seven Seas,Python Developer,184674
Togo,Lomé,Javascript Developer,116267
Tonga,Nukuʻalofa,Python Developer,153077
Transnistria,Tiraspol,Data Scientist,158240
Trinidad and Tobago,Port of Spain,Javascript Developer,169605
Tristan da Cunha,Edinburgh of the Seven Seas,Python Developer,184674
Tunisia,Tunis,Data Scientist,194661
Turkey,Ankara,Javascript Developer,193426
Turkmenistan,Ashgabat,Python Developer,154447
Turks and Caicos Islands,Cockburn Town,Data Scientist,108268
Tuvalu,Funafuti,Javascript Developer,178916
Tunisia,Tunis,Data Scientist,194661
Turkey,Ankara,Javascript Developer,193426
Turkmenistan,Ashgabat,Python Developer,154447
Turks and Caicos Islands,Cockburn Town,Data Scientist,108268
Tuvalu,Funafuti,Javascript Developer,178916
Tunisia,Tunis,Data Scientist,194661
Turkey,Ankara,Javascript Developer,193426
Turkmenistan,Ashgabat,Python Developer,154447
Turks and Caicos Islands,Cockburn Town,Data Scientist,108268
Tuvalu,Funafuti,Javascript Developer,178916
Tunisia,Tunis,Data Scientist,194661
Turkey,Ankara,Javascript Developer,193426
Turkmenistan,Ashgabat,Python Developer,154447
Turks and Caicos Islands,Cockburn Town,Data Scientist,108268
Tuvalu,Funafuti,Javascript Developer,178916
Tunisia,Tunis,Data Scientist,194661
Turkey,Ankara,Javascript Developer,193426
Turkmenistan,Ashgabat,Python Developer,154447
Turks and Caicos Islands,Cockburn Town,Data Scientist,108268
Tuvalu,Funafuti,Javascript Developer,178916
Tunisia,Tunis,Data Scientist,194661
Turkey,Ankara,Javascript Developer,193426
Turkmenistan,Ashgabat,Python Developer,154447
Turks and Caicos Islands,Cockburn Town,Data Scientist,108268
Tuvalu,Funafuti,Javascript Developer,178916
Tunisia,Tunis,Data Scientist,194661
Turkey,Ankara,Javascript Developer,193426
Turkmenistan,Ashgabat,Python Developer,154447
Turks and Caicos Islands,Cockburn Town,Data Scientist,108268
Tuvalu,Funafuti,Javascript Developer,178916
Tunisia,Tunis,Data Scientist,194661
Turkey,Ankara,Javascript Developer,193426
Turkmenistan,Ashgabat,Python Developer,154447
Turks and Caicos Islands,Cockburn Town,Data Scientist,108268
Tuvalu,Funafuti,Javascript Developer,178916
Tunisia,Tunis,Data Scientist,194661
Turkey,Ankara,Javascript Developer,193426
Turkmenistan,Ashgabat,Python Developer,154447
Turks and Caicos Islands,Cockburn Town,Data Scientist,108268
Tuvalu,Funafuti,Javascript Developer,178916
Tunisia,Tunis,Data Scientist,194661
Turkey,Ankara,Javascript Developer,193426
Turkmenistan,Ashgabat,Python Developer,154447
Turks and Caicos Islands,Cockburn Town,Data Scientist,108268
Tuvalu,Funafuti,Javascript Developer,178916
Tunisia,Tunis,Data Scientist,194661
Turkey,Ankara,Javascript Developer,193426
Turkmenistan,Ashgabat,Python Developer,154447
Turks and Caicos Islands,Cockburn Town,Data Scientist,108268
Tuvalu,Funafuti,Javascript Developer,178916
Tunisia,Tunis,Data Scientist,194661
Turkey,Ankara,Javascript Developer,193426
Turkmenistan,Ashgabat,Python Developer,154447
Turks and Caicos Islands,Cockburn Town,Data Scientist,108268
Tuvalu,Funafuti,Javascript Developer,178916
Tunisia,Tunis,Data Scientist,194661
Turkey,Ankara,Javascript Developer,193426
Turkmenistan,Ashgabat,Python Developer,154447
Turks and Caicos Islands,Cockburn Town,Data Scientist,108268
Tuvalu,Funafuti,Javascript Developer,178916
Tunisia,Tunis,Data Scientist,194661
Turkey,Ankara,Javascript Developer,193426
Turkmenistan,Ashgabat,Python Developer,154447
Turks and Caicos Islands,Cockburn Town,Data Scientist,108268
Tuvalu,Funafuti,Javascript Developer,178916
Uganda,Kampala,Python Developer,149857
Ukraine,Kiev,Data Scientist,199437
United Arab Emirates,Abu Dhabi,Javascript Developer,166728
United Kingdom; England,London,Python Developer,147884
United States,"Washington, D.C.",Data Scientist,179035
Uganda,Kampala,Python Developer,149857
Ukraine,Kiev,Data Scientist,199437
United Arab Emirates,Abu Dhabi,Javascript Developer,166728
United Kingdom; England,London,Python Developer,147884
United States,"Washington, D.C.",Data Scientist,179035
Uganda,Kampala,Python Developer,149857
Ukraine,Kiev,Data Scientist,199437
United Arab Emirates,Abu Dhabi,Javascript Developer,166728
United Kingdom; England,London,Python Developer,147884
United States,"Washington, D.C.",Data Scientist,179035
Uganda,Kampala,Python Developer,149857
Ukraine,Kiev,Data Scientist,199437
United Arab Emirates,Abu Dhabi,Javascript Developer,166728
United Kingdom; England,London,Python Developer,147884
United States,"Washington, D.C.",Data Scientist,179035
Uganda,Kampala,Python Developer,149857
Ukraine,Kiev,Data Scientist,199437
United Arab Emirates,Abu Dhabi,Javascript Developer,166728
United Kingdom; England,London,Python Developer,147884
United States,"Washington, D.C.",Data Scientist,179035
Uganda,Kampala,Python Developer,149857
Ukraine,Kiev,Data Scientist,199437
United Arab Emirates,Abu Dhabi,Javascript Developer,166728
United Kingdom; England,London,Python Developer,147884
United States,"Washington, D.C.",Data Scientist,179035
Uganda,Kampala,Python Developer,149857
Ukraine,Kiev,Data Scientist,199437
United Arab Emirates,Abu Dhabi,Javascript Developer,166728
United Kingdom; England,London,Python Developer,147884
United States,"Washington, D.C.",Data Scientist,179035
Uganda,Kampala,Python Developer,149857
Ukraine,Kiev,Data Scientist,199437
United Arab Emirates,Abu Dhabi,Javascript Developer,166728
United Kingdom; England,London,Python Developer,147884
United States,"Washington, D.C.",Data Scientist,179035
Uganda,Kampala,Python Developer,149857
Ukraine,Kiev,Data Scientist,199437
United Arab Emirates,Abu Dhabi,Javascript Developer,166728
United Kingdom; England,London,Python Developer,147884
United States,"Washington, D.C.",Data Scientist,179035
Uganda,Kampala,Python Developer,149857
Ukraine,Kiev,Data Scientist,199437
United Arab Emirates,Abu Dhabi,Javascript Developer,166728
United Kingdom; England,London,Python Developer,147884
United States,"Washington, D.C.",Data Scientist,179035
Uganda,Kampala,Python Developer,149857
Ukraine,Kiev,Data Scientist,199437
United Arab Emirates,Abu Dhabi,Javascript Developer,166728
United Kingdom; England,London,Python Developer,147884
United States,"Washington, D.C.",Data Scientist,179035
Uganda,Kampala,Python Developer,149857
Ukraine,Kiev,Data Scientist,199437
United Arab Emirates,Abu Dhabi,Javascript Developer,166728
United Kingdom; England,London,Python Developer,147884
United States,"Washington, D.C.",Data Scientist,179035
Uganda,Kampala,Python Developer,149857
Ukraine,Kiev,Data Scientist,199437
United Arab Emirates,Abu Dhabi,Javascript Developer,166728
United Kingdom; England,London,Python Developer,147884
United States,"Washington, D.C.",Data Scientist,179035
Uganda,Kampala,Python Developer,149857
Ukraine,Kiev,Data Scientist,199437
United Arab Emirates,Abu Dhabi,Javascript Developer,166728
United Kingdom; England,London,Python Developer,147884
United States,"Washington, D.C.",Data Scientist,179035
Uganda,Kampala,Python Developer,149857
Ukraine,Kiev,Data Scientist,199437
United Arab Emirates,Abu Dhabi,Javascript Developer,166728
United Kingdom; England,London,Python Developer,147884
United States,"Washington, D.C.",Data Scientist,179035
Uganda,Kampala,Python Developer,149857
Ukraine,Kiev,Data Scientist,199437
United Arab Emirates,Abu Dhabi,Javascript Developer,166728
United Kingdom; England,London,Python Developer,147884
United States,"Washington, D.C.",Data Scientist,179035
United States Virgin Islands,Charlotte Amalie,Javascript Developer,195586
Uruguay,Montevideo,Python Developer,181511
Uzbekistan,Tashkent,Data Scientist,187487
Vanuatu,Port Vila,Javascript Developer,198906
Vatican City,Vatican City,Python Developer,165690
United States Virgin Islands,Charlotte Amalie,Javascript Developer,195586
Uruguay,Montevideo,Python Developer,181511
Uzbekistan,Tashkent,Data Scientist,187487
Vanuatu,Port Vila,Javascript Developer,198906
Vatican City,Vatican City,Python Developer,165690
United States Virgin Islands,Charlotte Amalie,Javascript Developer,195586
Uruguay,Montevideo,Python Developer,181511
Uzbekistan,Tashkent,Data Scientist,187487
Vanuatu,Port Vila,Javascript Developer,198906
Vatican City,Vatican City,Python Developer,165690
United States Virgin Islands,Charlotte Amalie,Javascript Developer,195586
Uruguay,Montevideo,Python Developer,181511
Uzbekistan,Tashkent,Data Scientist,187487
Vanuatu,Port Vila,Javascript Developer,198906
Vatican City,Vatican City,Python Developer,165690
Venezuela,Caracas,Data Scientist,189424
Vietnam,Hanoi,Javascript Developer,199783
Wales,Cardiff,Python Developer,104883
Wallis and Futuna,Mata-Utu,Data Scientist,170898
Western Sahara,El Aaiún,Javascript Developer,131782
Venezuela,Caracas,Data Scientist,189424
Vietnam,Hanoi,Javascript Developer,199783
Wales,Cardiff,Python Developer,104883
Wallis and Futuna,Mata-Utu,Data Scientist,170898
Western Sahara,El Aaiún,Javascript Developer,131782
Venezuela,Caracas,Data Scientist,189424
Vietnam,Hanoi,Javascript Developer,199783
Wales,Cardiff,Python Developer,104883
Wallis and Futuna,Mata-Utu,Data Scientist,170898
Western Sahara,El Aaiún,Javascript Developer,131782
Venezuela,Caracas,Data Scientist,189424
Vietnam,Hanoi,Javascript Developer,199783
Wales,Cardiff,Python Developer,104883
Wallis and Futuna,Mata-Utu,Data Scientist,170898
Western Sahara,El Aaiún,Javascript Developer,131782
Venezuela,Caracas,Data Scientist,189424
Vietnam,Hanoi,Javascript Developer,199783
Wales,Cardiff,Python Developer,104883
Wallis and Futuna,Mata-Utu,Data Scientist,170898
Western Sahara,El Aaiún,Javascript Developer,131782
Venezuela,Caracas,Data Scientist,189424
Vietnam,Hanoi,Javascript Developer,199783
Wales,Cardiff,Python Developer,104883
Wallis and Futuna,Mata-Utu,Data Scientist,170898
Western Sahara,El Aaiún,Javascript Developer,131782
Venezuela,Caracas,Data Scientist,189424
Vietnam,Hanoi,Javascript Developer,199783
Wales,Cardiff,Python Developer,104883
Wallis and Futuna,Mata-Utu,Data Scientist,170898
Western Sahara,El Aaiún,Javascript Developer,131782
Venezuela,Caracas,Data Scientist,189424
Vietnam,Hanoi,Javascript Developer,199783
Wales,Cardiff,Python Developer,104883
Wallis and Futuna,Mata-Utu,Data Scientist,170898
Western Sahara,El Aaiún,Javascript Developer,131782
Venezuela,Caracas,Data Scientist,189424
Vietnam,Hanoi,Javascript Developer,199783
Wales,Cardiff,Python Developer,104883
Wallis and Futuna,Mata-Utu,Data Scientist,170898
Western Sahara,El Aaiún,Javascript Developer,131782
Venezuela,Caracas,Data Scientist,189424
Vietnam,Hanoi,Javascript Developer,199783
Wales,Cardiff,Python Developer,104883
Wallis and Futuna,Mata-Utu,Data Scientist,170898
Western Sahara,El Aaiún,Javascript Developer,131782
Venezuela,Caracas,Data Scientist,189424
Vietnam,Hanoi,Javascript Developer,199783
Wales,Cardiff,Python Developer,104883
Wallis and Futuna,Mata-Utu,Data Scientist,170898
Western Sahara,El Aaiún,Javascript Developer,131782
Venezuela,Caracas,Data Scientist,189424
Vietnam,Hanoi,Javascript Developer,199783
Wales,Cardiff,Python Developer,104883
Wallis and Futuna,Mata-Utu,Data Scientist,170898
Western Sahara,El Aaiún,Javascript Developer,131782
Venezuela,Caracas,Data Scientist,189424
Vietnam,Hanoi,Javascript Developer,199783
Wales,Cardiff,Python Developer,104883
Wallis and Futuna,Mata-Utu,Data Scientist,170898
Western Sahara,El Aaiún,Javascript Developer,131782
Venezuela,Caracas,Data Scientist,189424
Vietnam,Hanoi,Javascript Developer,199783
Wales,Cardiff,Python Developer,104883
Wallis and Futuna,Mata-Utu,Data Scientist,170898
Western Sahara,El Aaiún,Javascript Developer,131782
Venezuela,Caracas,Data Scientist,189424
Vietnam,Hanoi,Javascript Developer,199783
Wales,Cardiff,Python Developer,104883
Wallis and Futuna,Mata-Utu,Data Scientist,170898
Western Sahara,El Aaiún,Javascript Developer,131782
Venezuela,Caracas,Data Scientist,189424
Vietnam,Hanoi,Javascript Developer,199783
Wales,Cardiff,Python Developer,104883
Wallis and Futuna,Mata-Utu,Data Scientist,170898
Western Sahara,El Aaiún,Javascript Developer,131782
Yemen,Sanaá,Python Developer,134683
Zambia,Lusaka,Data Scientist,171775
Zimbabwe,Harare,Javascript Developer,194419Yemen,Sanaá,Python Developer,134683
Zambia,Lusaka,Data Scientist,171775
Zimbabwe,Harare,Javascript Developer,194419Yemen,Sanaá,Python Developer,134683
Zambia,Lusaka,Data Scientist,171775
Zimbabwe,Harare,Javascript Developer,194419Yemen,Sanaá,Python Developer,134683
Zambia,Lusaka,Data Scientist,171775
Zimbabwe,Harare,Javascript Developer,194419Yemen,Sanaá,Python Developer,134683
Zambia,Lusaka,Data Scientist,171775
Zimbabwe,Harare,Javascript Developer,194419Yemen,Sanaá,Python Developer,134683
Zambia,Lusaka,Data Scientist,171775
Zimbabwe,Harare,Javascript Developer,194419Yemen,Sanaá,Python Developer,134683
Zambia,Lusaka,Data Scientist,171775
Zimbabwe,Harare,Javascript Developer,194419Yemen,Sanaá,Python Developer,134683
Zambia,Lusaka,Data Scientist,171775
Zimbabwe,Harare,Javascript Developer,194419Yemen,Sanaá,Python Developer,134683
Zambia,Lusaka,Data Scientist,171775
Zimbabwe,Harare,Javascript Developer,194419Yemen,Sanaá,Python Developer,134683
Zambia,Lusaka,Data Scientist,171775
Zimbabwe,Harare,Javascript Developer,194419Yemen,Sanaá,Python Developer,134683
Zambia,Lusaka,Data Scientist,171775
Zimbabwe,Harare,Javascript Developer,194419Yemen,Sanaá,Python Developer,134683
Zambia,Lusaka,Data Scientist,171775
Zimbabwe,Harare,Javascript Developer,194419Yemen,Sanaá,Python Developer,134683
Zambia,Lusaka,Data Scientist,171775
Zimbabwe,Harare,Javascript Developer,194419Yemen,Sanaá,Python Developer,134683
Zambia,Lusaka,Data Scientist,171775
Zimbabwe,Harare,Javascript Developer,194419Yemen,Sanaá,Python Developer,134683
Zambia,Lusaka,Data Scientist,171775
Zimbabwe,Harare,Javascript Developer,194419Yemen,Sanaá,Python Developer,134683
Zambia,Lusaka,Data Scientist,171775
Zimbabwe,Harare,Javascript Developer,194419
